Name,Path,Category
Supporting Document 1,Docs\SD\SD-I.pdf,Supporting Documents
Supporting Document 2,Docs\SD\SD-II.pdf,Supporting Documents
Supporting Document 3,Docs\SD\SD-III.pdf,Supporting Documents
Supporting Document 4,Docs\SD\SD-IV.pdf,Supporting Documents
Supporting Document 5,Docs\SD\SD-V.pdf,Supporting Documents
Supporting Document 6,Docs\SD\SD-VI.pdf,Supporting Documents
Supporting Document 7,Docs\SD\SD-VII.pdf,Supporting Documents
Signature,Docs\SIG\SIG.pdf,Signatures
Supporting Document 8,Docs\SD\SD-VIII.pdf,Supporting Documents
Supporting Document 9,Docs\SD\SD-IX.pdf,Supporting Documents
Supporting Document 10,Docs\SD\SD-X.pdf,Supporting Documents
Supporting Document 11,Docs\SD\SD-XI.pdf,Supporting Documents
Supporting Document 12,Docs\SD\SD-XII.pdf,Supporting Documents
Supporting Document 13,Docs\SD\SD-XIII.pdf,Supporting Documents
Supporting Document 15,Docs\SD\SD-XV.pdf,Supporting Documents
Supporting Document 17,Docs\SD\SD-XVII.pdf,Supporting Documents
Signature 3,Docs\SIG\SIG-III.pdf,Signatures
